id,id_unico

PRC06CC_10/04/2026
PRC0CB6_10/04/2026
PRC0CB6_10/04/2026
PRC0CB6_10/04/2026
PRC0CB6_10/04/2026
PRC0C84_10/04/2026
PRC0C84_10/04/2026
APC0F58_10/04/2026
APC0B88_10/04/2026
APC0B88_10/04/2026
APC0B88_10/04/2026
APC0B88_10/04/2026
PRC0F2C_10/04/2026
PRC0AC4_10/04/2026
PRC00DB_10/04/2026
PRC00DB_10/04/2026
PRC00DB_10/04/2026
PRC00DB_10/04/2026
PRC0B14_10/04/2026
PRC0D3A_10/04/2026
PRC0CB6_10/04/2026
PRC0D78_10/04/2026
PRC0CB6_10/04/2026
PRC0CB6_10/04/2026
PRC0CB6_10/04/2026
PRC0AAA_10/04/2026
PRC0EEC_10/04/2026
PRC0B75_10/04/2026
APC0D82_10/04/2026
APC0D82_10/04/2026
APC0D82_10/04/2026
APC0D82_10/04/2026
APC0D82_10/04/2026
APC0D82_10/04/2026
APC0D82_10/04/2026
PRC0D29_10/04/2026
PRC0B90_10/04/2026
APC0DAC_10/04/2026
APC0DAC_10/04/2026
APC0DAC_10/04/2026
APC0DBE_10/04/2026
APC0DAC_10/04/2026
APC0DAC_10/04/2026
APC0D9A_10/04/2026
PRC0BAF_10/04/2026
PRC0DE0_10/04/2026
PRC0DE0_10/04/2026
PRC0DE0_10/04/2026
PRC0BBC_10/04/2026
PRC0B85_10/04/2026
PRC0B8E_10/04/2026
PRC0BAF_10/04/2026
PRC0B92_10/04/2026
PRC0BA6_10/04/2026
APC067A_10/04/2026
PRC0CE7_10/04/2026
APC0D76_10/04/2026
PRC0BBA_10/04/2026
PRC04DF_10/04/2026
PRC04DF_10/04/2026
PRC0BC4_10/04/2026
PRC04DF_10/04/2026
PRC04DF_10/04/2026
PRC04DF_10/04/2026
PRC04DF_10/04/2026
PRC04DF_10/04/2026
PRC04DF_10/04/2026
PRC0CEB_10/04/2026
PRC0CE8_10/04/2026
PRC0DA5_10/04/2026
APC0DC7_10/04/2026
PRC0D85_10/04/2026
PRC0CEE_10/04/2026
APBFDFA_10/04/2026
PRC0DB7_10/04/2026
PRBF88D_10/04/2026
PRBFAF4_10/04/2026
PRBFAF4_10/04/2026
PRBFAF4_10/04/2026
PRBFAF4_10/04/2026
PRBFAF4_10/04/2026
APC04C7_10/04/2026
APC04C7_10/04/2026
APC04C7_10/04/2026
PRC0B38_10/04/2026
PRC0B38_10/04/2026
PRC0B38_10/04/2026
PRC0C1C_10/04/2026
APC09BC_10/04/2026
APC09BC_10/04/2026
APC0B0C_10/04/2026
PRC0A2B_10/04/2026
PRC0A2B_10/04/2026
PRC0A2B_10/04/2026
PRC0A2B_10/04/2026
APC09BC_10/04/2026
PRC0A33_10/04/2026
PRC03F6_10/04/2026
PRC01AF_10/04/2026
PRBFC9D_10/04/2026
PRBFC9D_10/04/2026
PRBFC9D_10/04/2026
PRC04BC_10/04/2026
PRC04BC_10/04/2026
PRC04BC_10/04/2026
PRBF1A7_10/04/2026
PRBF1A7_10/04/2026
PRBF1A7_10/04/2026
PRBF1A7_10/04/2026
PRC046F_10/04/2026
PRC0431_10/04/2026
APC05A1_10/04/2026
APC05A1_10/04/2026
APC05A1_10/04/2026
APC05A1_10/04/2026
PRBF520_10/04/2026
PRBF520_10/04/2026
PRBF520_10/04/2026
PRC0749_10/04/2026
PRC07CC_10/04/2026
PRC07CC_10/04/2026
PRC07CC_10/04/2026
PRC07A7_10/04/2026
PRC07A7_10/04/2026
PRC07A7_10/04/2026
PRC07A7_10/04/2026
PRC07A7_10/04/2026
PRC07A7_10/04/2026
PRC033A_10/04/2026
APC0687_10/04/2026
PRC04BE_10/04/2026
PRC04BE_10/04/2026
PRC04BE_10/04/2026
PRC0716_10/04/2026
PRBFB28_10/04/2026
PRC0552_10/04/2026
PRC0546_10/04/2026
PRC0702_10/04/2026
PRC04BE_10/04/2026
PRBFDE0_10/04/2026
PRC0348_10/04/2026
PRC013B_10/04/2026
PRC0401_10/04/2026
PRC06E0_10/04/2026
PRBFE4F_10/04/2026
PRBFBE0_10/04/2026
PRC06D0_10/04/2026
APBF42E_10/04/2026
PRC05A5_10/04/2026
PRC05A5_10/04/2026
PRC05A5_10/04/2026
PRBF8AA_10/04/2026
PRBFC91_10/04/2026
PRBFC91_10/04/2026
PRBFC91_10/04/2026
PRC0680_10/04/2026
PRBEB4F_10/04/2026
PRBEB4F_10/04/2026
PRBEB4F_10/04/2026
APBFCA9_10/04/2026
APC0649_10/04/2026
APC0649_10/04/2026
PRBF38F_10/04/2026
APBF2E3_10/04/2026
APBFDCC_10/04/2026
APBFDCC_10/04/2026
APBFDCC_10/04/2026
APBEBE7_10/04/2026
PRC0055_10/04/2026
APBF390_10/04/2026
PRC0055_10/04/2026
PRC0055_10/04/2026
PRC05FB_10/04/2026
PRC05FB_10/04/2026
PRC05FB_10/04/2026
APBF114_10/04/2026
APBF2E3_10/04/2026
APBF2E3_10/04/2026
APBF2E3_10/04/2026
APC0436_10/04/2026
APC0436_10/04/2026
APC0436_10/04/2026
PRC02EF_10/04/2026
APC0436_10/04/2026
PRC0425_10/04/2026
PRC0425_10/04/2026
PRC0425_10/04/2026
PRC0425_10/04/2026
PRBF17A_10/04/2026
APBFAAB_10/04/2026
PRC03AF_10/04/2026
APBFAAB_10/04/2026
PRC03AF_10/04/2026
APBFAAB_10/04/2026
PRC03AF_10/04/2026
PRBFDDA_10/04/2026
PRBFDDA_10/04/2026
PRBFDDA_10/04/2026
PRBFDDA_10/04/2026
APBFAAB_10/04/2026
PRC0393_10/04/2026
PRC00D3_10/04/2026
PRC00D3_10/04/2026
PRBFB9A_10/04/2026
PRBFB9A_10/04/2026
PRBFB9A_10/04/2026
PRC0258_10/04/2026
PRC0258_10/04/2026
PRC0258_10/04/2026
PRC0258_10/04/2026
PRC0258_10/04/2026
PRBFDAB_10/04/2026
PRBFF44_10/04/2026
PRC00D5_10/04/2026
PRBE41D_10/04/2026
PRC00B6_10/04/2026
PRC0165_10/04/2026
APBF776_10/04/2026
APBF776_10/04/2026
APBF776_10/04/2026
PRBF30D_10/04/2026
PRBF30D_10/04/2026
PRBF2FD_10/04/2026
PRBF2FD_10/04/2026
PRBFE05_10/04/2026
PRBFE05_10/04/2026
PRBFE05_10/04/2026
APBE414_10/04/2026
PRBFC81_10/04/2026
PRBFC81_10/04/2026
PRBFC81_10/04/2026
PRC0038_10/04/2026
PRC0038_10/04/2026
APBF42A_10/04/2026
PRC0038_10/04/2026
APBE7F1_10/04/2026
PRBFC81_10/04/2026
PRBF29F_10/04/2026
PRBFC81_10/04/2026
PRBFC81_10/04/2026
PRBFC81_10/04/2026
PRBFED3_10/04/2026
PRBFEC4_10/04/2026
PRBFB11_10/04/2026
PRBFAEF_10/04/2026
PRBFAEF_10/04/2026
PRBFAEF_10/04/2026
PRBFC74_10/04/2026
PRBF475_10/04/2026
PRBFD66_10/04/2026
PRBFC99_10/04/2026
PRBFC99_10/04/2026
PRBFC99_10/04/2026
PRBFE05_10/04/2026
PRBFE05_10/04/2026
PRBF625_10/04/2026
PRBF625_10/04/2026
PRBF625_10/04/2026
PRBF33C_10/04/2026
PRBFBA2_10/04/2026
APBFA4E_10/04/2026
PRBFB19_10/04/2026
PRBFC74_10/04/2026
PRBFC74_10/04/2026
PRBFCE3_10/04/2026
PRBF0CE_10/04/2026
PRBFE05_10/04/2026
PRBFE05_10/04/2026
PRBFE05_10/04/2026
PRBFF76_10/04/2026
PRBFF42_10/04/2026
APBFE57_10/04/2026
PRBF3F8_10/04/2026
PRBFADB_10/04/2026
PRBF2F0_10/04/2026
APBF3A7_10/04/2026
PRBF2F0_10/04/2026
PRBF2F0_10/04/2026
PRBF700_10/04/2026
PRBF700_10/04/2026
PRBF700_10/04/2026
PRBF668_10/04/2026
PRBF668_10/04/2026
PRBF668_10/04/2026
APBFE60_10/04/2026
APBFE60_10/04/2026
APBFE60_10/04/2026
APBFE60_10/04/2026
PRBF329_10/04/2026
PRBFE47_10/04/2026
PRBF329_10/04/2026
PRBF36F_10/04/2026
PRBF2F0_10/04/2026
PRBF36F_10/04/2026
PRBF36F_10/04/2026
PRBF2F0_10/04/2026
PRBF2F0_10/04/2026
PRBF2F0_10/04/2026
PRBF2F0_10/04/2026
PRBFEFC_10/04/2026
PRBF344_10/04/2026
PRBFB5C_10/04/2026
PRBFB5C_10/04/2026
PRBFCDA_10/04/2026
PRBF407_10/04/2026
PRBFB5C_10/04/2026
APBFC92_10/04/2026
PRBFA15_10/04/2026
PRBFA15_10/04/2026
PRBFA15_10/04/2026
PRBFA15_10/04/2026
PRBFE42_10/04/2026
PRBFE42_10/04/2026
PRBFA15_10/04/2026
PRBFE42_10/04/2026
PRBF415_10/04/2026
PRBFE42_10/04/2026
PRBFA15_10/04/2026
PRBFA15_10/04/2026
PRBFE42_10/04/2026
PRBFA15_10/04/2026
PRBFA15_10/04/2026
PRBFA15_10/04/2026
PRBF41F_10/04/2026
PRBF475_10/04/2026
PRBFA15_10/04/2026
PRBFB33_10/04/2026
PRBFB33_10/04/2026
PRBFB33_10/04/2026
APBE8A9_10/04/2026
PRBFB33_10/04/2026
APBFDC5_10/04/2026
APBFCF2_10/04/2026
APBFD20_10/04/2026
PRBE4C3_10/04/2026
PRBEF58_10/04/2026
PRBEF58_10/04/2026
PRBEF58_10/04/2026
PRBEF58_10/04/2026
APBE24E_10/04/2026
PRBEFF7_10/04/2026
PRBF0E5_10/04/2026
PRBF539_10/04/2026
PRBF142_10/04/2026
PRBF301_10/04/2026
PRBF5C7_10/04/2026
PRBF185_10/04/2026
PRBF73A_10/04/2026
PRBF762_10/04/2026
PRBF795_10/04/2026
PRBF73A_10/04/2026
PRBFE2A_10/04/2026
PRBEA78_10/04/2026
PRBEA78_10/04/2026
PRBF188_10/04/2026
PRBEA78_10/04/2026
PRBEA78_10/04/2026
PRBF258_10/04/2026
PRBEA78_10/04/2026
PRBFDF7_10/04/2026
PRBFDF7_10/04/2026
PRBFDF7_10/04/2026
PRBEB37_10/04/2026
APBEF82_10/04/2026
PRBE9F5_10/04/2026
PRBF91C_10/04/2026
PRBE906_10/04/2026
PRBF91C_10/04/2026
PRBF91C_10/04/2026
PRBF91C_10/04/2026
APBF898_10/04/2026
PRBFBBA_10/04/2026
PRBF21C_10/04/2026
PRBF21C_10/04/2026
PRBF21C_10/04/2026
PRBFACD_10/04/2026
PRBFACD_10/04/2026
PRBF0DC_10/04/2026
PRBFACD_10/04/2026
PRBF0DC_10/04/2026
PRBF0DC_10/04/2026
PRBFC54_10/04/2026
PRBFC54_10/04/2026
PRBFC54_10/04/2026
PRBFC77_10/04/2026
PRBFC77_10/04/2026
PRBFC77_10/04/2026
PRBFC6B_10/04/2026
PRBFC6E_10/04/2026
PRBFC6E_10/04/2026
PRBFC6E_10/04/2026
PRBF374_10/04/2026
PRBF374_10/04/2026
PRBFC73_10/04/2026
APBFC9B_10/04/2026
PRBFCB4_10/04/2026
PRBFCD4_10/04/2026
APBE6E8_10/04/2026
APBF312_10/04/2026
PRBFD2B_10/04/2026
PRBF2F0_10/04/2026
APBE7F4_10/04/2026
PRBF50E_10/04/2026
APBF3E4_10/04/2026
APBF788_10/04/2026
PRBF9E7_10/04/2026
PRBED3D_10/04/2026
APBE9C3_10/04/2026
PRBF624_10/04/2026
PRBF78B_10/04/2026
PRBF2E1_10/04/2026
APBF56A_10/04/2026
APBF58A_10/04/2026
PRBE182_10/04/2026
PRBE4DF_10/04/2026
PRBF6DD_10/04/2026
PRBEFB4_10/04/2026
PRBEFB4_10/04/2026
PRBF34A_10/04/2026
APBF312_10/04/2026
PRBF33A_10/04/2026
PRBF247_10/04/2026
APBE23E_10/04/2026
PRBF297_10/04/2026
PRBF310_10/04/2026
PRBF558_10/04/2026
PRBF474_10/04/2026
PRBF474_10/04/2026
APBF3FB_10/04/2026
PRBF419_10/04/2026
PRBE2C2_10/04/2026
PRBF481_10/04/2026
PRBF0CB_10/04/2026
PRBF170_10/04/2026
PRBEFD5_10/04/2026
PRBEED6_10/04/2026
PRBE237_10/04/2026
PRBE853_10/04/2026
PRBF0DF_10/04/2026
PRBF44A_10/04/2026
PRBF10C_10/04/2026
APBE69C_10/04/2026
APBE7B5_10/04/2026
PRBF0DD_10/04/2026
APBE7B5_10/04/2026
PRC0FD4_10/04/2026
APBFCB8_10/04/2026
APBFCB8_10/04/2026
APBFCB8_10/04/2026
APBFD00_10/04/2026
PRBFD02_10/04/2026
PRBFD28_10/04/2026
PRBFD28_10/04/2026
PRBE45C_10/04/2026
PRBE45C_10/04/2026
PRBE45C_10/04/2026
PRBF0B6_10/04/2026
PRBF0B6_10/04/2026
APBFB84_10/04/2026
PRBF8F3_10/04/2026
PRBFC4B_10/04/2026
PRBFC4B_10/04/2026
APBFB75_10/04/2026
APBF585_10/04/2026
APBF585_10/04/2026
APBF585_10/04/2026
PRBF4C2_10/04/2026
PRBF30C_10/04/2026
PRBF30C_10/04/2026
PRBF30C_10/04/2026
PRBF30C_10/04/2026
APBF3DF_10/04/2026
PRBF6DF_10/04/2026
PRBF5C9_10/04/2026
PRBF3AD_10/04/2026
APBF1B4_10/04/2026
PRBF8D5_10/04/2026
PRBF773_10/04/2026
PRBF8B7_10/04/2026
APBF7D6_10/04/2026
PRBF875_10/04/2026
PRBF877_10/04/2026
PRBF3AD_10/04/2026
PRBF689_10/04/2026
APBF687_10/04/2026
PRBF819_10/04/2026
PRBEDDE_10/04/2026
PRBF112_10/04/2026
APBE776_10/04/2026
APBF71D_10/04/2026
APBE68C_10/04/2026
PRBE404_10/04/2026
PRBF200_10/04/2026
PRBF1D8_10/04/2026
PRBF1CD_10/04/2026
APBEEB3_10/04/2026
PRBF0D8_10/04/2026
PRBEFE3_10/04/2026
APBEE82_10/04/2026
PRBEFAD_10/04/2026
PRBEF5C_10/04/2026
PRBF199_10/04/2026
PRBF306_10/04/2026
PRBF306_10/04/2026
APBF372_10/04/2026
APBF376_10/04/2026
PRBF26D_10/04/2026
PRBF26D_10/04/2026
PRBF397_10/04/2026
PRBF30C_10/04/2026
PRBF30C_10/04/2026
PRBF30C_10/04/2026
PRBF30C_10/04/2026
PRBF1D2_10/04/2026
PRBF1E9_10/04/2026
PRBF388_10/04/2026
APBF384_10/04/2026
APBF163_10/04/2026
PRBF186_10/04/2026
APBF392_10/04/2026
PRBF159_10/04/2026
PRBF159_10/04/2026
APBF394_10/04/2026
PRBF14D_10/04/2026
PRBF14D_10/04/2026
PRBF17D_10/04/2026
PRBF190_10/04/2026
PRBF3AD_10/04/2026
PRBF2D9_10/04/2026
PRBF3C9_10/04/2026
PRBF3FC_10/04/2026
PRBF40D_10/04/2026
PRBF413_10/04/2026
APBE812_10/04/2026
PRBF4EA_10/04/2026
PRBF141_10/04/2026
APBF449_10/04/2026
PRBEBFA_10/04/2026
PRBEEF2_10/04/2026
PRBF47C_10/04/2026
PRBF482_10/04/2026
PRBF484_10/04/2026
PRBF070_10/04/2026
PRBEF56_10/04/2026
PRBF4A7_10/04/2026
PRBF324_10/04/2026
PRBEF4D_10/04/2026
PRBEF52_10/04/2026
PRBF1F9_10/04/2026
PRBEDA5_10/04/2026
PRBF13F_10/04/2026
PRBF292_10/04/2026
PRBEF65_10/04/2026
PRBEF1D_10/04/2026
APBEF37_10/04/2026
PRBF2AA_10/04/2026
PRBF08F_10/04/2026
APBE280_10/04/2026
PRBF1DB_10/04/2026
PRBF05F_10/04/2026
PRBF10E_10/04/2026
PRBE137_10/04/2026
APBED42_10/04/2026
PRBF15C_10/04/2026
PRBF0B1_10/04/2026
PRC0C48_10/04/2026
PRC0E68_10/04/2026
PRC0C48_10/04/2026
PRC0C48_10/04/2026
PRC0C48_10/04/2026
PRC0C48_10/04/2026PRC0E60_2026-04-10T13:39:02
PRC0C48_2026-04-10T13:29:14
PRC0E68_2026-04-10T13:28:27
PRC0C48_2026-04-10T13:26:42
PRC0C48_2026-04-10T13:25:52
PRC0C48_2026-04-10T13:25:35
PRC0C48_2026-04-10T13:25:19
PRC0FD4_2026-04-10T13:16:11
PRC06CC_2026-04-10T13:06:37
PRC0CB6_2026-04-10T12:58:32
PRC0CB6_2026-04-10T12:58:18
PRC0CB6_2026-04-10T12:58:01
PRC0CB6_2026-04-10T12:57:29
PRC0C84_2026-04-10T12:50:52
PRC0C84_2026-04-10T12:50:32
APC0F58_2026-04-10T12:47:49
APC0B88_2026-04-10T12:46:27
APC0B88_2026-04-10T12:46:13
APC0B88_2026-04-10T12:45:59
APC0B88_2026-04-10T12:45:05
PRC0F2C_2026-04-10T12:31:34
PRC0AC4_2026-04-10T12:22:21
PRC00DB_2026-04-10T12:18:45
PRC00DB_2026-04-10T12:18:11
PRC00DB_2026-04-10T12:17:55
PRC00DB_2026-04-10T12:16:44
PRC0B14_2026-04-10T11:52:01
PRC0D3A_2026-04-10T11:49:48
PRC0CB6_2026-04-10T11:49:10
PRC0D78_2026-04-10T11:47:54
PRC0CB6_2026-04-10T11:47:25
PRC0CB6_2026-04-10T11:47:11
PRC0CB6_2026-04-10T11:45:48
PRC0AAA_2026-04-10T11:43:15
PRC0EEC_2026-04-10T11:37:31
PRC0B75_2026-04-10T11:36:10
APC0D82_2026-04-10T11:13:19
APC0D82_2026-04-10T11:13:09
APC0D82_2026-04-10T11:12:58
APC0D82_2026-04-10T11:12:47
APC0D82_2026-04-10T11:12:36
APC0D82_2026-04-10T11:12:26
APC0D82_2026-04-10T11:12:15
PRC0D29_2026-04-10T11:10:59
PRC0B90_2026-04-10T11:09:34
APC0DAC_2026-04-10T11:08:12
APC0DAC_2026-04-10T11:06:23
APC0DAC_2026-04-10T11:06:02
APC0DBE_2026-04-10T11:05:04
APC0DAC_2026-04-10T11:04:33
APC0DAC_2026-04-10T11:03:02
APC0D9A_2026-04-10T10:47:12
PRC0BAF_2026-04-10T10:42:17
PRC0DE0_2026-04-10T10:28:01
PRC0DE0_2026-04-10T10:27:36
PRC0DE0_2026-04-10T10:27:23
PRC0BBC_2026-04-10T10:26:11
PRC0B85_2026-04-10T10:15:44
PRC0B8E_2026-04-10T10:15:38
PRC0BAF_2026-04-10T10:12:51
PRC0B92_2026-04-10T10:10:30
PRC0BA6_2026-04-10T10:06:25
APC067A_2026-04-10T10:04:57
PRC0CE7_2026-04-10T10:03:00
APC0D76_2026-04-10T10:01:16
PRC0BBA_2026-04-10T09:59:45
PRC04DF_2026-04-10T09:56:07
PRC04DF_2026-04-10T09:55:41
PRC0BC4_2026-04-10T09:55:29
PRC04DF_2026-04-10T09:55:24
PRC04DF_2026-04-10T09:55:07
PRC04DF_2026-04-10T09:54:48
PRC04DF_2026-04-10T09:54:31
PRC04DF_2026-04-10T09:54:15
PRC04DF_2026-04-10T09:53:55
PRC0CEB_2026-04-10T09:52:05
PRC0CE8_2026-04-10T09:49:33
PRC0DA5_2026-04-10T09:47:26
APC0DC7_2026-04-10T09:45:50
PRC0D85_2026-04-10T09:43:57
PRC0CEE_2026-04-10T09:42:30
APBFDFA_2026-04-10T09:40:37
PRC0DB7_2026-04-10T09:38:56
PRBF88D_2026-04-10T09:05:52
PRBFAF4_2026-04-10T09:00:20
PRBFAF4_2026-04-10T08:59:42
PRBFAF4_2026-04-10T08:59:22
PRBFAF4_2026-04-10T08:59:06
PRBFAF4_2026-04-10T08:57:45
APC04C7_2026-04-10T08:09:30
APC04C7_2026-04-10T08:08:54
APC04C7_2026-04-10T08:08:35
PRC0B38_2026-04-10T07:34:57
PRC0B38_2026-04-10T07:34:39
PRC0B38_2026-04-10T07:34:10
PRC0C1C_2026-04-09T17:11:58
APC09BC_2026-04-09T14:55:46
APC09BC_2026-04-09T14:55:20
APC0B0C_2026-04-09T14:50:44
PRC0A2B_2026-04-09T14:48:54
PRC0A2B_2026-04-09T14:48:38
PRC0A2B_2026-04-09T14:47:54
PRC0A2B_2026-04-09T14:46:51
APC09BC_2026-04-09T14:46:13
PRC0A33_2026-04-09T14:22:34
PRC03F6_2026-04-09T14:12:57
PRC01AF_2026-04-09T14:11:30
PRBFC9D_2026-04-09T12:47:59
PRBFC9D_2026-04-09T12:47:25
PRBFC9D_2026-04-09T12:46:58
PRC04BC_2026-04-09T12:46:57
PRC04BC_2026-04-09T12:46:39
PRC04BC_2026-04-09T12:46:22
PRBF1A7_2026-04-09T12:18:58
PRBF1A7_2026-04-09T12:18:36
PRBF1A7_2026-04-09T12:16:36
PRBF1A7_2026-04-09T12:16:02
PRC046F_2026-04-09T12:04:24
PRC0431_2026-04-09T11:57:28
APC05A1_2026-04-09T11:52:44
APC05A1_2026-04-09T11:35:31
APC05A1_2026-04-09T11:35:10
APC05A1_2026-04-09T11:34:48
PRBF520_2026-04-09T11:33:22
PRBF520_2026-04-09T11:33:02
PRBF520_2026-04-09T11:32:42
PRC0749_2026-04-09T11:31:35
PRC07CC_2026-04-09T11:28:29
PRC07CC_2026-04-09T11:28:15
PRC07CC_2026-04-09T11:28:00
PRC07A7_2026-04-09T10:52:45
PRC07A7_2026-04-09T10:52:29
PRC07A7_2026-04-09T10:52:02
PRC07A7_2026-04-09T10:51:11
PRC07A7_2026-04-09T10:50:54
PRC07A7_2026-04-09T10:50:37
PRC033A_2026-04-09T10:42:36
APC0687_2026-04-09T10:29:52
PRC04BE_2026-04-09T10:27:54
PRC04BE_2026-04-09T10:27:37
PRC04BE_2026-04-09T10:27:25
PRC0716_2026-04-09T10:23:46
PRBFB28_2026-04-09T10:20:53
PRC0552_2026-04-09T10:20:29
PRC0546_2026-04-09T10:19:57
PRC0702_2026-04-09T10:18:45
PRC04BE_2026-04-09T10:18:15
PRBFDE0_2026-04-09T10:18:08
PRC0348_2026-04-09T10:16:22
PRC013B_2026-04-09T10:15:09
PRC0401_2026-04-09T10:13:56
PRC06E0_2026-04-09T10:12:08
PRBFE4F_2026-04-09T10:09:32
PRBFBE0_2026-04-09T10:07:58
PRC06D0_2026-04-09T10:01:00
APBF42E_2026-04-09T09:59:46
PRC05A5_2026-04-09T09:59:32
PRC05A5_2026-04-09T09:59:03
PRC05A5_2026-04-09T09:58:48
PRBF8AA_2026-04-09T09:58:01
PRBFC91_2026-04-09T09:56:49
PRBFC91_2026-04-09T09:56:20
PRBFC91_2026-04-09T09:56:05
PRC0680_2026-04-09T09:51:15
PRBEB4F_2026-04-09T09:45:17
PRBEB4F_2026-04-09T09:44:59
PRBEB4F_2026-04-09T09:44:44
APBFCA9_2026-04-09T09:36:32
APC0649_2026-04-09T09:29:00
APC0649_2026-04-09T09:28:38
PRBF38F_2026-04-09T08:59:32
APBF2E3_2026-04-09T08:56:34
APBFDCC_2026-04-09T08:46:52
APBFDCC_2026-04-09T08:45:08
APBFDCC_2026-04-09T08:44:50
APBEBE7_2026-04-09T08:43:00
PRC0055_2026-04-09T08:42:38
APBF390_2026-04-09T08:40:21
PRC0055_2026-04-09T08:39:12
PRC0055_2026-04-09T08:38:40
PRC05FB_2026-04-09T08:37:48
PRC05FB_2026-04-09T08:37:33
PRC05FB_2026-04-09T08:37:23
APBF114_2026-04-09T08:36:57
APBF2E3_2026-04-09T08:06:06
APBF2E3_2026-04-09T08:05:38
APBF2E3_2026-04-09T08:05:03
APC0436_2026-04-08T16:37:42
APC0436_2026-04-08T16:37:28
APC0436_2026-04-08T16:37:14
PRC02EF_2026-04-08T16:30:59
APC0436_2026-04-08T16:27:49
PRC0425_2026-04-08T15:57:06
PRC0425_2026-04-08T15:54:03
PRC0425_2026-04-08T15:53:48
PRC0425_2026-04-08T15:53:23
PRBF17A_2026-04-08T15:50:07
APBFAAB_2026-04-08T15:44:23
PRC03AF_2026-04-08T15:44:14
APBFAAB_2026-04-08T15:44:08
PRC03AF_2026-04-08T15:43:59
APBFAAB_2026-04-08T15:43:53
PRC03AF_2026-04-08T15:43:39
PRBFDDA_2026-04-08T15:39:45
PRBFDDA_2026-04-08T15:39:12
PRBFDDA_2026-04-08T15:38:50
PRBFDDA_2026-04-08T15:37:23
APBFAAB_2026-04-08T15:33:32
PRC0393_2026-04-08T15:33:18
PRC00D3_2026-04-08T15:13:38
PRC00D3_2026-04-08T15:13:23
PRBFB9A_2026-04-08T15:07:02
PRBFB9A_2026-04-08T15:06:42
PRBFB9A_2026-04-08T15:05:54
PRC0258_2026-04-08T14:54:40
PRC0258_2026-04-08T14:37:45
PRC0258_2026-04-08T14:37:17
PRC0258_2026-04-08T14:36:55
PRC0258_2026-04-08T14:36:28
PRBFDAB_2026-04-08T14:14:04
PRBFF44_2026-04-08T14:10:42
PRC00D5_2026-04-08T14:10:38
PRBE41D_2026-04-08T14:09:51
PRC00B6_2026-04-08T14:09:30
PRC0165_2026-04-08T13:50:49
APBF776_2026-04-08T12:45:12
APBF776_2026-04-08T12:44:57
APBF776_2026-04-08T12:44:54
PRBF30D_2026-04-08T12:42:59
PRBF30D_2026-04-08T12:42:23
PRBF2FD_2026-04-08T12:40:58
PRBF2FD_2026-04-08T12:33:38
PRBFE05_2026-04-08T12:30:13
PRBFE05_2026-04-08T12:29:49
PRBFE05_2026-04-08T12:29:20
APBE414_2026-04-08T12:29:17
PRBFC81_2026-04-08T12:26:49
PRBFC81_2026-04-08T12:26:31
PRBFC81_2026-04-08T12:26:08
PRC0038_2026-04-08T12:24:45
PRC0038_2026-04-08T12:24:17
APBF42A_2026-04-08T12:24:13
PRC0038_2026-04-08T12:24:02
APBE7F1_2026-04-08T12:18:54
PRBFC81_2026-04-08T12:17:07
PRBF29F_2026-04-08T12:16:19
PRBFC81_2026-04-08T12:15:35
PRBFC81_2026-04-08T12:14:08
PRBFC81_2026-04-08T12:13:38
PRBFED3_2026-04-08T12:11:56
PRBFEC4_2026-04-08T12:10:26
PRBFB11_2026-04-08T12:09:45
PRBFAEF_2026-04-08T12:04:48
PRBFAEF_2026-04-08T12:04:27
PRBFAEF_2026-04-08T12:04:04
PRBFC74_2026-04-08T12:03:56
PRBF475_2026-04-08T11:57:10
PRBFD66_2026-04-08T11:56:21
PRBFC99_2026-04-08T11:54:44
PRBFC99_2026-04-08T11:54:27
PRBFC99_2026-04-08T11:48:41
PRBFE05_2026-04-08T11:44:13
PRBFE05_2026-04-08T11:43:26
PRBF625_2026-04-08T11:43:05
PRBF625_2026-04-08T11:42:46
PRBF625_2026-04-08T11:42:29
PRBF33C_2026-04-08T11:42:13
PRBFBA2_2026-04-08T11:41:18
APBFA4E_2026-04-08T11:39:48
PRBFB19_2026-04-08T11:39:08
PRBFC74_2026-04-08T11:37:55
PRBFC74_2026-04-08T11:37:11
PRBFCE3_2026-04-08T11:35:07
PRBF0CE_2026-04-08T11:33:21
PRBFE05_2026-04-08T11:32:12
PRBFE05_2026-04-08T11:31:50
PRBFE05_2026-04-08T11:31:07
PRBFF76_2026-04-08T11:28:18
PRBFF42_2026-04-08T11:24:42
APBFE57_2026-04-08T11:23:03
PRBF3F8_2026-04-08T11:13:13
PRBFADB_2026-04-08T11:10:44
PRBF2F0_2026-04-08T11:10:11
APBF3A7_2026-04-08T11:10:04
PRBF2F0_2026-04-08T11:09:45
PRBF2F0_2026-04-08T11:09:33
PRBF700_2026-04-08T11:08:28
PRBF700_2026-04-08T11:08:10
PRBF700_2026-04-08T11:07:49
PRBF668_2026-04-08T11:06:08
PRBF668_2026-04-08T11:05:51
PRBF668_2026-04-08T11:05:32
APBFE60_2026-04-08T11:00:47
APBFE60_2026-04-08T11:00:16
APBFE60_2026-04-08T10:59:22
APBFE60_2026-04-08T10:58:46
PRBF329_2026-04-08T10:58:31
PRBFE47_2026-04-08T10:57:58
PRBF329_2026-04-08T10:57:39
PRBF36F_2026-04-08T10:54:59
PRBF2F0_2026-04-08T10:54:46
PRBF36F_2026-04-08T10:54:44
PRBF36F_2026-04-08T10:54:31
PRBF2F0_2026-04-08T10:53:42
PRBF2F0_2026-04-08T10:53:19
PRBF2F0_2026-04-08T10:52:56
PRBF2F0_2026-04-08T10:52:08
PRBFEFC_2026-04-08T10:49:30
PRBF344_2026-04-08T10:44:49
PRBFB5C_2026-04-08T10:43:04
PRBFB5C_2026-04-08T10:42:42
PRBFCDA_2026-04-08T10:42:31
PRBF407_2026-04-08T10:42:20
PRBFB5C_2026-04-08T10:42:18
APBFC92_2026-04-08T10:40:57
PRBFA15_2026-04-08T10:39:25
PRBFA15_2026-04-08T10:38:32
PRBFA15_2026-04-08T10:37:42
PRBFA15_2026-04-08T10:36:50
PRBFE42_2026-04-08T10:36:49
PRBFE42_2026-04-08T10:36:14
PRBFA15_2026-04-08T10:36:09
PRBFE42_2026-04-08T10:35:57
PRBF415_2026-04-08T10:35:15
PRBFE42_2026-04-08T10:35:03
PRBFA15_2026-04-08T10:34:58
PRBFA15_2026-04-08T10:34:08
PRBFE42_2026-04-08T10:33:35
PRBFA15_2026-04-08T10:32:46
PRBFA15_2026-04-08T10:32:38
PRBFA15_2026-04-08T10:31:53
PRBF41F_2026-04-08T10:31:45
PRBF475_2026-04-08T10:31:34
PRBFA15_2026-04-08T10:31:24
PRBFB33_2026-04-08T10:30:04
PRBFB33_2026-04-08T10:29:49
PRBFB33_2026-04-08T10:29:17
APBE8A9_2026-04-08T10:29:08
PRBFB33_2026-04-08T10:26:53
APBFDC5_2026-04-08T10:26:48
APBFCF2_2026-04-08T10:23:30
APBFD20_2026-04-08T10:23:20
PRBE4C3_2026-04-08T10:23:08
PRBEF58_2026-04-08T10:18:21
PRBEF58_2026-04-08T10:18:06
PRBEF58_2026-04-08T10:17:50
PRBEF58_2026-04-08T10:14:49
APBE24E_2026-04-08T10:13:43
PRBEFF7_2026-04-08T10:12:24
PRBF0E5_2026-04-08T10:10:51
PRBF539_2026-04-08T10:09:18
PRBF142_2026-04-08T10:08:05
PRBF301_2026-04-08T10:07:10
PRBF5C7_2026-04-08T10:06:15
PRBF185_2026-04-08T10:05:39
PRBF73A_2026-04-08T10:04:17
PRBF762_2026-04-08T10:03:18
PRBF795_2026-04-08T10:03:03
PRBF73A_2026-04-08T10:02:55
PRBFE2A_2026-04-08T10:02:33
PRBEA78_2026-04-08T10:01:51
PRBEA78_2026-04-08T10:01:16
PRBF188_2026-04-08T10:01:14
PRBEA78_2026-04-08T10:00:31
PRBEA78_2026-04-08T10:00:14
PRBF258_2026-04-08T09:59:50
PRBEA78_2026-04-08T09:58:34
PRBFDF7_2026-04-08T09:58:18
PRBFDF7_2026-04-08T09:57:52
PRBFDF7_2026-04-08T09:57:28
PRBEB37_2026-04-08T09:57:12
APBEF82_2026-04-08T09:55:42
PRBE9F5_2026-04-08T09:55:30
PRBF91C_2026-04-08T09:52:21
PRBE906_2026-04-08T09:51:57
PRBF91C_2026-04-08T09:51:57
PRBF91C_2026-04-08T09:51:40
PRBF91C_2026-04-08T09:49:43
APBF898_2026-04-08T09:49:33
PRBFBBA_2026-04-08T09:46:33
PRBF21C_2026-04-08T09:46:04
PRBF21C_2026-04-08T09:45:48
PRBF21C_2026-04-08T09:45:32
PRBFACD_2026-04-08T09:42:00
PRBFACD_2026-04-08T09:41:48
PRBF0DC_2026-04-08T09:41:43
PRBFACD_2026-04-08T09:41:37
PRBF0DC_2026-04-08T09:41:24
PRBF0DC_2026-04-08T09:41:03
PRBFC77_2026-04-08T09:33:45
PRBFC6E_2026-04-08T09:26:07
APBFC9B_2026-04-08T09:19:37
PRBFCD4_2026-04-08T09:08:14
APBE6E8_2026-04-08T09:04:01
APBF312_2026-04-08T08:55:20
PRBFD2B_2026-04-08T08:49:41
PRBFD2B_2026-04-08T08:48:11
APBE7F4_2026-04-08T07:44:11
PRBF50E_2026-04-07T17:25:18
APBF3E4_2026-04-07T16:26:37
APBF788_2026-04-07T15:59:46
PRBF9E7_2026-04-07T15:57:43
PRBF30C_2026-04-07T15:05:16
APBF3DF_2026-04-07T14:47:47
APBF1B4_2026-04-07T14:03:05
APBF7D6_2026-04-07T13:57:39
PRBF689_2026-04-07T13:06:21
PRBF112_2026-04-07T12:44:12
PRBE182_2026-04-07T12:32:01
PRBE404_2026-04-07T12:21:54
APBEEB3_2026-04-07T12:02:18
PRBF297_2026-04-07T11:56:05
PRBEFB4_2026-04-07T11:54:05
PRBF34A_2026-04-07T11:46:55
PRBF306_2026-04-07T11:42:55
PRBF26D_2026-04-07T11:37:11
APBE23E_2026-04-07T11:31:20
PRBF1D2_2026-04-07T11:30:14
APBF384_2026-04-07T11:27:25
PRBF159_2026-04-07T11:24:21
PRBF474_2026-04-07T11:20:35
PRBF17D_2026-04-07T11:18:58
PRBF3C9_2026-04-07T11:16:18
APBE812_2026-04-07T11:10:29
PRBE2C2_2026-04-07T10:59:53
PRBF482_2026-04-07T10:57:15
PRBF0CB_2026-04-07T10:51:04
PRBF170_2026-04-07T10:47:03
PRC1032_2026-04-10T13:56:24
PRC0E60_2026-04-10T13:39:02
APC0FC9_2026-04-10T14:42:03
APC0FC9_2026-04-10T14:41:23
PRC10CE_2026-04-10T14:41:16
PRC0DDC_2026-04-10T16:50:05
PRC0DDC_2026-04-10T16:49:40
APC0FDD_2026-04-10T16:26:06
APC0FDD_2026-04-10T16:25:46
APC0FDD_2026-04-10T16:25:26
APC0FDD_2026-04-10T16:23:42
PRC19EE_2026-04-13T14:52:50
PRC19E5_2026-04-13T14:50:36
PRC19E1_2026-04-13T14:28:37
PRC1297_2026-04-13T14:26:57
PRC1297_2026-04-13T14:25:19
PRC0ACF_2026-04-13T14:23:45
APC1312_2026-04-13T14:22:04
APC1951_2026-04-13T14:20:30
PRC1302_2026-04-13T14:19:36
PRC1302_2026-04-13T14:19:14
PRC1302_2026-04-13T14:18:24
PRC1928_2026-04-13T14:17:58
PRC1928_2026-04-13T14:17:16
PRC1928_2026-04-13T14:16:12
APC1427_2026-04-13T14:15:25
PRC187F_2026-04-13T14:13:42
PRC18E5_2026-04-13T14:12:23
PRC17C6_2026-04-13T14:10:58
PRC1775_2026-04-13T14:09:16
PRC0D3B_2026-04-13T14:08:49
PRC0D3B_2026-04-13T14:08:23
PRC0D3B_2026-04-13T14:08:06
PRC18BE_2026-04-13T14:06:38
PRC1762_2026-04-13T14:04:50
APC13DD_2026-04-13T13:55:15
PRC1785_2026-04-13T13:53:51
APC129B_2026-04-13T13:50:47
PRC1785_2026-04-13T13:49:38
PRC1785_2026-04-13T13:49:15
PRC1785_2026-04-13T13:48:56
PRC1785_2026-04-13T13:43:34
APC10A0_2026-04-13T13:41:53
PRC14D8_2026-04-13T13:40:52
APC1423_2026-04-13T12:57:42
APC1423_2026-04-13T12:57:25
APC123E_2026-04-13T12:45:55
PRC12F8_2026-04-13T12:43:59
PRC12F8_2026-04-13T12:43:47
PRC12F8_2026-04-13T12:43:38
PRC17C2_2026-04-13T12:35:58
APC12F7_2026-04-13T12:34:01
APC12F7_2026-04-13T12:33:33
APC12F7_2026-04-13T12:33:16
APC12F7_2026-04-13T12:32:42
APC12F7_2026-04-13T12:32:17
PRC168E_2026-04-13T12:31:55
APC144A_2026-04-13T12:30:42
PRC1222_2026-04-13T12:28:05
PRC1211_2026-04-13T12:26:45
PRC153C_2026-04-13T12:24:30
PRC168B_2026-04-13T12:21:26
PRC0949_2026-04-13T12:21:11
PRC0949_2026-04-13T12:20:56
PRC0949_2026-04-13T12:20:41
PRC166E_2026-04-13T12:19:48
PRC166E_2026-04-13T12:19:27
PRC166E_2026-04-13T12:19:06
APC1421_2026-04-13T12:17:49
PRC0949_2026-04-13T12:14:51
APC164A_2026-04-13T12:00:11
APC164A_2026-04-13T11:59:53
APC164A_2026-04-13T11:59:26
APC0D98_2026-04-13T11:59:18
APC164A_2026-04-13T11:59:04
APC164A_2026-04-13T11:58:28
PRC0FB2_2026-04-13T11:56:25
PRC14AA_2026-04-13T11:55:41
PRC12A4_2026-04-13T11:55:11
PRC16D2_2026-04-13T11:53:57
PRC14F6_2026-04-13T11:52:51
PRC0E50_2026-04-13T11:50:02
PRC101D_2026-04-13T11:48:34
APC1532_2026-04-13T11:47:32
PRC1026_2026-04-13T11:46:09
PRC1347_2026-04-13T11:43:29
PRC136E_2026-04-13T11:42:19
PRC1350_2026-04-13T11:40:36
APC1362_2026-04-13T11:40:23
PRC13B3_2026-04-13T11:36:22
APC1370_2026-04-13T11:35:21
PRC043B_2026-04-13T11:32:40
PRC1259_2026-04-13T11:29:52
APC10A8_2026-04-13T11:29:39
APC10A8_2026-04-13T11:29:13
APC10A8_2026-04-13T11:29:00
PRC1259_2026-04-13T11:28:31
APC10A8_2026-04-13T11:28:26
APC14B1_2026-04-13T11:28:21
APC10A8_2026-04-13T11:28:14
APC10A8_2026-04-13T11:28:02
APC10A8_2026-04-13T11:27:26
APC10A8_2026-04-13T11:27:14
APC10A8_2026-04-13T11:27:04
PRC0A11_2026-04-13T11:25:57
PRC14C0_2026-04-13T11:25:43
PRC12A9_2026-04-13T11:25:34
PRC0A11_2026-04-13T11:25:34
APC12B4_2026-04-13T11:25:26
PRC0A11_2026-04-13T11:25:21
PRC0BA8_2026-04-13T11:25:20
APBFD42_2026-04-13T11:25:19
PRC0A11_2026-04-13T11:25:08
PRC0BA8_2026-04-13T11:24:57
PRC0BA8_2026-04-13T11:24:44
PRC0A11_2026-04-13T11:24:22
PRC0A11_2026-04-13T11:23:58
APC11FD_2026-04-13T11:22:58
PRC1447_2026-04-13T11:22:46
APC11FD_2026-04-13T11:22:43
PRC13A7_2026-04-13T11:22:39
PRC12D1_2026-04-13T11:22:32
APC11FD_2026-04-13T11:22:22
PRC0F43_2026-04-13T11:21:24
PRC0E92_2026-04-13T11:19:55
APC0E39_2026-04-13T11:18:14
PRC1228_2026-04-13T11:18:09
APC0E39_2026-04-13T11:17:59
APC0E39_2026-04-13T11:17:32
APC0E39_2026-04-13T11:16:47
PRC158F_2026-04-13T11:15:49
PRC157D_2026-04-13T11:13:39
PRC1057_2026-04-13T11:12:51
PRC1057_2026-04-13T11:12:38
PRC1057_2026-04-13T11:12:25
APC1483_2026-04-13T11:12:10
PRC1323_2026-04-13T11:11:51
APC0A79_2026-04-13T11:11:20
PRC0DC3_2026-04-13T11:09:54
APC134A_2026-04-13T11:09:47
APC134A_2026-04-13T11:09:36
PRC0DC3_2026-04-13T11:09:30
APC134A_2026-04-13T11:09:11
PRC0DC3_2026-04-13T11:09:10
PRC0DC3_2026-04-13T11:08:36
PRC0DC3_2026-04-13T11:08:16
PRC0DC3_2026-04-13T11:07:56
PRC1338_2026-04-13T11:07:41
APC134A_2026-04-13T11:06:22
PRC1338_2026-04-13T11:05:43
APC134A_2026-04-13T11:05:19
PRC1484_2026-04-13T11:04:45
PRC0D19_2026-04-13T11:01:42
APC135E_2026-04-13T11:00:38
PRC0BCF_2026-04-13T10:59:11
PRC0B35_2026-04-13T10:58:54
PRC0B35_2026-04-13T10:58:36
PRC1356_2026-04-13T10:57:53
PRBFC1F_2026-04-13T10:56:33
PRBFC1F_2026-04-13T10:56:19
APC13D7_2026-04-13T10:55:08
APC13E4_2026-04-13T10:54:59
APC13E8_2026-04-13T10:54:50
PRC0AE4_2026-04-13T10:53:18
PRC1240_2026-04-13T10:53:17
PRC0AE4_2026-04-13T10:53:02
PRC0AE4_2026-04-13T10:52:31
APC1412_2026-04-13T10:52:28
PRC1240_2026-04-13T10:52:15
PRC1240_2026-04-13T10:51:55
APC1413_2026-04-13T10:51:44
PRC1240_2026-04-13T10:51:36
APC1413_2026-04-13T10:51:22
APC1415_2026-04-13T10:50:03
APBF8C6_2026-04-13T10:49:23
APBF8C6_2026-04-13T10:49:05
APBF8C6_2026-04-13T10:48:47
PRC12F4_2026-04-13T10:48:45
PRC12F4_2026-04-13T10:48:33
PRC12F4_2026-04-13T10:48:18
APC1418_2026-04-13T10:46:02
PRC0926_2026-04-13T10:45:51
PRC0926_2026-04-13T10:45:32
APC1418_2026-04-13T10:45:20
PRC0926_2026-04-13T10:45:15
PRC14B0_2026-04-13T10:44:28
APC14B3_2026-04-13T10:43:29
PRC14A8_2026-04-13T10:41:40
PRC12BC_2026-04-13T10:40:40
PRC12BC_2026-04-13T10:40:23
APC134A_2026-04-13T10:39:41
APC134A_2026-04-13T10:39:23
PRC14A8_2026-04-13T10:39:13
PRC11A8_2026-04-13T10:39:08
APC134A_2026-04-13T10:39:08
PRC14A8_2026-04-13T10:38:24
PRC14A8_2026-04-13T10:38:04
PRC1288_2026-04-13T10:36:36
PRC14A8_2026-04-13T10:35:23
PRC0D2A_2026-04-13T10:35:06
PRC0D16_2026-04-13T10:33:02
APC1391_2026-04-13T10:32:59
APC1391_2026-04-13T10:32:45
APC1391_2026-04-13T10:32:01
PRC0CB3_2026-04-13T10:30:33
PRC0E2A_2026-04-13T10:29:08
PRC088A_2026-04-13T10:27:55
PRC1156_2026-04-13T10:25:16
PRC0D32_2026-04-13T10:23:56
APC05D5_2026-04-13T10:22:39
APC131B_2026-04-13T10:20:05
APC1416_2026-04-13T10:19:29
PRC1366_2026-04-13T10:00:36
PRC12D8_2026-04-13T08:51:02
PRC088A_2026-04-13T08:40:06
PRC088A_2026-04-13T08:39:56
PRC088A_2026-04-13T08:39:38
PRC088A_2026-04-13T08:39:00
APC1393_2026-04-13T08:27:24
APC1393_2026-04-13T08:27:05
APC13F9_2026-04-13T08:24:22
APC13F9_2026-04-13T08:23:41
APC13F9_2026-04-13T08:22:58
APC1393_2026-04-13T08:18:25
PRC136F_2026-04-13T08:09:32
PRC136F_2026-04-13T08:03:34
PRC136F_2026-04-13T08:02:20
APC132B_2026-04-13T07:58:53
APC132B_2026-04-13T07:58:24
APC132B_2026-04-13T07:57:36
